ham	Tôi đã tìm kiếm những từ thích hợp để cảm ơn bạn cho hơi thở này. Tôi hứa tôi sẽ không nhận sự giúp đỡ của bạn và sẽ thực hiện lời hứa của tôi. Bạn đã được tuyệt vời và một phước lành mọi lúc.
spam	Mục nhập miễn phí trong 2 a wkly comp để giành chiến thắng chung cuộc FA Cup vào ngày 21 tháng 5 năm 2005. Nhắn tin FA đến 87121 để nhận câu hỏi nhập cảnh (tỷ lệ std txt) T & C áp dụng 08452810075over18
ham	Nah Tôi không nghĩ anh ấy đến usf, anh ấy sống quanh đây
ham	Ngay cả anh tôi cũng không thích nói chuyện với tôi. Họ coi tôi như bằng sáng chế.
ham	tôi có một ngày vào ngày chủ nhật
ham	Theo yêu cầu của bạn 'Melle Melle (Oru Minnaminunginte Nurungu Vettam)' đã được đặt làm cuộc gọi của bạn cho tất cả người gọi. Bấm * 9 để sao chép Callertune của bạn bè
spam	CHIẾN THẮNG!! Là một khách hàng mạng có giá trị, bạn đã được chọn để nhận phần thưởng £ 900! Để yêu cầu gọi 09061701461. Yêu cầu mã KL341. Chỉ có hiệu lực 12 giờ.
spam	Có điện thoại di động của bạn 11 tháng trở lên? U R có quyền Cập nhật lên các điện thoại di động màu mới nhất có camera miễn phí! Gọi cho Cập nhật di động MIỄN PHÍ theo số 08002986030
ham	Tôi sẽ về nhà sớm và tôi không muốn nói về những thứ này nữa tối nay, k? Tôi đã khóc đủ ngày hôm nay.
spam	SIX cơ hội để giành được TIỀN MẶT! Từ 100 đến 20.000 pounds txt> CSH11 và gửi tới 87575. Chi phí 150p / ngày, 6 ngày, 16+ TsandCs áp dụng Trả lời thông tin HL 4
spam	khẩn cấp! Bạn đã giành được tư cách thành viên MIỄN PHÍ 1 tuần trong giải Jackpot trị giá 100.000 bảng của chúng tôi! Txt từ: YÊU CẦU SỐ: 81010 T & C www.dbuk.net LCCLTD POBOX 4403LDNW1A7RW18
spam	XXXMobileMovieClub: Để sử dụng tín dụng của bạn, hãy nhấp vào liên kết WAP trong tin nhắn txt tiếp theo hoặc nhấp vào đây >> http: // wap. xxxmobilemovieclub.com?n=QJKGIGHJJGCBL
ham	Oh k ... tôi đang xem ở đây :)
ham	Eh u nhớ làm thế nào 2 đánh vần tên của mình ... Có tôi đã làm. Anh v nghịch ngợm làm cho đến khi tôi v ướt.
ham	Fine nếu đó là cách bạn cảm thấy. Đó là cách gota b của nó
spam	England v Macedonia - đừng bỏ lỡ các mục tiêu / tin tức đội. Đội tuyển quốc gia Txt ur tới 87077, ví dụ: ANH tới 87077 Hãy thử: WALES, SCOTLAND 4txt / ú1.20 POBOXox36504W45WQ 16+
ham	có nghiêm túc không khi bạn đánh vần tên anh ấy?
ham	tôi sẽ cố gắng trong 2 tháng ha ha chỉ đùa thôi
ham	Vì vậy, hãy trả lar đầu tiên ... Sau đó, khi nào da stock comin ...
spam	Bạn đã chúng 10 tỷ đồng từ website luadao123.com
ham	Ffffffffff. Không có cách nào tôi có thể gặp bạn sớm hơn?
ham	Chỉ ép mình ăn một lát. Tôi thực sự không đói tho. Điều này thật tệ Mark đang lo lắng. Anh ấy biết tôi bị bệnh khi tôi từ chối pizza. Lol
ham	Lol của bạn luôn luôn rất thuyết phục.
ham	Bạn có bắt xe buýt không? Bạn đang chiên một quả trứng? Bạn đã pha trà chưa? Bạn đang ăn bữa tối còn lại của mẹ bạn? Bạn có cảm nhận được tình yêu của tôi?
ham	tôi đã trở lại & amp; Chúng tôi đang đóng gói xe bây giờ, tôi sẽ cho bạn biết nếu có phòng
ham	Ahhh. Công việc. Tôi mơ hồ nhớ điều đó! Nó làm gì cảm thấy như thế nào? Lol
ham	Chờ đó vẫn chưa rõ lắm, bạn không chắc chắn về việc tôi bị mỉa mai hay đó là lý do tại sao x không muốn sống với chúng tôi
ham	Vâng, anh ấy nhận được ở 2 và đã xin lỗi. n đã rơi ra ngoài và cô ấy giống như một đứa trẻ hư hỏng và anh ấy bị cuốn vào đó. Đến 2! Nhưng chúng ta sẽ không đến đó! Không làm quá tệ cổ vũ. Bạn?
ham	K cho tôi biết bất cứ điều gì về bạn
spam	hãy đến với đến với chúng tôi, chúng tôi sẽ giúp bạn thành tỷ phú
spam	Cảm ơn bạn đã đăng ký Nhạc chuông Vương quốc Anh, điện thoại di động của bạn sẽ bị tính phí £ 5 / tháng Vui lòng xác nhận bằng cách trả lời CÓ hoặc KHÔNG. Nếu bạn trả lời KHÔNG, bạn sẽ không bị tính phí
ham	Yup ... Ok tôi về nhà xem thời gian và sau đó tôi lại nhắn tin ... Xuhui sẽ học vào ngày 2 nhưng bài học của cô ấy là vào lúc 8 giờ sáng
ham	Oops, tôi sẽ cho bạn biết khi bạn cùng phòng của tôi hoàn thành
ham	tôi thấy chữ B trên xe của tôi
ham	Bất cứ điều gì ... U quyết định ...
ham	xin chào! Bạn và ngày thứ bảy đã đi như thế nào? Tôi chỉ nhắn tin để xem bạn có quyết định làm bất cứ điều gì tomo không. Không phải là tôi đang cố gắng mời bản thân hay bất cứ điều gì!
ham	Pls đi trước với watts. Tôi chỉ muốn chắc chắn. Có một ngày cuối tuần tuyệt vời. Abiola
ham	tôi đã quên nói với bạn? Tôi muốn bạn, tôi cần bạn, tôi khao khát bạn ... Nhưng trên hết ... Tôi yêu bạn chiến mã Ả Rập ngọt ngào của tôi ... Mmmmmm ... Yummy
spam	07732584351 - Rodger Burns - MSG = Chúng tôi đã cố gắng gọi lại cho bạn câu trả lời của bạn cho sms của chúng tôi để có một điện thoại di động nokia miễn phí + máy quay phim miễn phí. Vui lòng gọi ngay 08000930705 để giao hàng vào ngày mai
ham	BẠN ĐANG XEM?
ham	tuyệt vời Tôi hy vọng bạn thích người đàn ông của bạn tốt. Tôi là & lt; # & gt; inch ...
ham	Không có cuộc gọi..messages..các cuộc gọi được gọi
ham	Không phải bạn đã được chủng ngừa gan b ở Nigeria.
ham	đủ hội chợ, chuyện gì đang xảy ra?
spam	chúc mừng, bạn hãy đến trang web qqww22.net đề nhận thưởng